{
    "accuracy": 0.9166666666666666,
    "precision": 0.8898148148148147,
    "recall": 0.9166666666666666,
    "f1_score": 0.9030131826741995
}