{
    "accuracy": 0.8333333333333334,
    "precision": 0.8591269841269842,
    "recall": 0.8333333333333334,
    "f1_score": 0.8460038986354775
}