{
    "accuracy": 0.9166666666666666,
    "precision": 0.8646953405017921,
    "recall": 0.9166666666666666,
    "f1_score": 0.8898148148148147
}