{
    "accuracy": 0.9444444444444444,
    "precision": 0.9175925925925925,
    "recall": 0.9444444444444444,
    "f1_score": 0.9307909604519773
}