{
    "accuracy": 0.9722222222222222,
    "precision": 0.9500000000000001,
    "recall": 0.9722222222222222,
    "f1_score": 0.9598765432098766
}